Org,Repo,Yaml,Branch
Jackett,Jackett,issuebot.yml,
Jackett,Jackett,codeql-analysis.yml,
jquery,jquery,browserstack-dispatch.yml,
jquery,jquery,browserstack.yml,
jquery,jquery,filestash.yml,
jquery,jquery,node.js.yml,
oracle,graal,micronaut.yml,
oracle,graal,quarkus.yml,
oracle,graal,reachability-metadata.yml,
oracle,graal,spring.yml,
Prisma,Prisma,test-template.yml,
Nuxt,Nuxt,reproduire.yml,
Nuxt,Nuxt,scorecards.yml,
cypress-io,cypress,update-browser-versions.yml,
cypress-io,cypress,update_v8_snapshot_cache.yml,
cypress-io,cypress,upload_release_asset.yml,
dotnet,AspNetCore.Docs,merge-live.yml,
dotnet,AspNetCore.Docs,whats-new.yml,
ray-project,ray,external-code-affected.yml,
parcel-bundler,parcel,canary-release.yml,v2
parcel-bundler,parcel,ci.yml,v2
parcel-bundler,parcel,release.yml,v2
halo-dev,halo,halo.yml,
doocs,Leetcode,black-lint.yml,
doocs,Leetcode,clang-format-lint.yml,
doocs,Leetcode,compress.yml,
doocs,Leetcode,deploy.yml,
doocs,Leetcode,pr-add-label.yml,
doocs,Leetcode,pr-checker.yml,
doocs,Leetcode,prettier.yml,
hpcaitech,ColossalAI,build_on_pr.yml,
hpcaitech,ColossalAI,compatiblity_test_on_schedule.yml,
hpcaitech,ColossalAI,draft_github_release_post_after_merge.yml,
hpcaitech,ColossalAI,report_test_coverage.yml,
hpcaitech,ColossalAI,submodule.yml,
spacedriveapp,spacedrive,cache-factory.yaml,
spacedriveapp,spacedrive,ci.yml,
try-ghost,ghost,ci.yml,
n8n-io,n8n,check-documentation-urls.yml,
n8n-io,n8n,check-test.yml,
n8n-io,n8n,chromatic.yml,
n8n-io,n8n,ci-master.yml,
n8n-io,n8n,ci-postgres-mysql.yml,
n8n-io,n8n,docker-images-nightly.yml,
n8n-io,n8n,e2e-tests.yml,
n8n-io,n8n,test-workflows.yml,
n8n-io,n8n,unit-tests.yml,
pixijs,pixi.js,pull-unit.yml,
pixijs,pixi.js,push.yml,
pixijs,pixi.js,release.yml,
unoplatform,uno,labeler.yml,
unoplatform,uno,uwp-autoconvert.yml,
scikit-learn,scikit-learn,assign.yml,
scikit-learn,scikit-learn,check-changelog.yml,
scikit-learn,scikit-learn,check-sdist.yml,
scikit-learn,scikit-learn,label-blank-issue.yml,
scikit-learn,scikit-learn,labeler-module.yml,
scikit-learn,scikit-learn,labeler-title-regex.yml,
scikit-learn,scikit-learn,unassign.yml,
scikit-learn,scikit-learn,wheels.yml,
microsoft,semantic-kernel,generate-pr-description.yml,
microsoft,semantic-kernel,java-build.yml,
keycloak,keycloak,ci.yml,
keycloak,keycloak,codeql-analysis.yml,
keycloak,keycloak,documentation.yml,
keycloak,keycloak,guides.yml,
keycloak,keycloak,js-ci.yml,
keycloak,keycloak,label.yml,
keycloak,keycloak,operator-ci.yml,
getsentry,sentry,backend.yml,
getsentry,sentry,codecov_carryforward_reports.yml,
dbeaver,dbeaver,commit-msg-validator.yml,
dbeaver,dbeaver,reused-commit-msgs-validator.yml,
commaai,openpilot,badges.yaml,
commaai,openpilot,prebuilt.yaml,
commaai,openpilot,release.yaml,
commaai,openpilot,repo-maintenance.yaml,
abpframework,abp,angular.yml,
abpframework,abp,auto-pr.yml,
abpframework,abp,build-and-test.yml,
abpframework,abp,codeql-analysis.yml,
abpframework,abp,update-versions.yml,
app-vnext,polly,after-release.yml,
app-vnext,polly,build.yml,
app-vnext,polly,on-push-do-docs.yml,
app-vnext,polly,ossf-scorecard.yml,
app-vnext,polly,stale.yml,
jenkinsci,jenkins,announce-lts-rc.yml,
jenkinsci,jenkins,publish-release-artifact.yml,
mattermost,mattermost,codeql-analysis.yml,
mattermost,mattermost,e2e-fulltests-ci.yml,
mattermost,mattermost,e2e-tests-ci-template.yml,
trpc,trpc,main.yml,
trpc,trpc,release.yml,
appwrite,appwrite,check-dependencies.yml,
appwrite,appwrite,cleanup-cache.yml,
appwrite,appwrite,release.yml,
appwrite,appwrite,stale.yml,
gui-cs,Terminal.Gui,api-docs.yml,
gui-cs,Terminal.Gui,codeql-analysis.yml,
gui-cs,Terminal.Gui,codeql.yml,
gui-cs,Terminal.Gui,dotnet-core.yml,
chatgptnextweb,chatgpt-next-web,docker.yml,
chatgptnextweb,chatgpt-next-web,issue-translator.yml,
gpt-engineer-org,gpt-engineer,ci.yaml,
cheeriojs,cheerio,site.yml,
remix-run,remix,release.yml,
localstack,localstack,tests-cli.yml,
netty,netty,ci-pr.yml,
openzipkin,zipkin,test_readme.yml,
google,gson,build.yml,
google,gson,check-android-compatibility.yml,
google,gson,check-api-compatibility.yml,
google,gson,cifuzz.yml,
google,gson,codeql-analysis.yml,
alibaba,sentinel,ci.yml,1.8
alibaba,sentinel,document-lint.yml,1.8
redisson,redisson,codeql-analysis.yml,
redisson,redisson,maven.yml,